Instance,Cities_N,Initial_NN_km,Final_Improved_km,Verified_Optimal_km,Improvement_km,Improvement_pct,Optimality_Gap_pct,Runtime_seconds,Validity
a280.tsp,280,3157,2754,2579,403,12.77,6.79,0.914,PASSED
d198.tsp,198,18240,16273,15780,1967,10.78,3.12,0.328,PASSED
d493.tsp,493,41660,36347,35002,5313,12.75,3.84,5.016,PASSED
fl417.tsp,417,15013,12727,11861,2286,15.23,7.3,5.805,PASSED
lin318.tsp,318,54019,45127,42029,8892,16.46,7.37,2.282,PASSED
pcb442.tsp,442,61979,52818,50778,9161,14.78,4.02,5.885,PASSED
pr152.tsp,152,85699,75510,73682,10189,11.89,2.48,0.15,PASSED
pr226.tsp,226,94683,83001,80369,11682,12.34,3.27,0.485,PASSED
pr439.tsp,439,131281,116135,107217,15146,11.54,8.32,3.821,PASSED
ts225.tsp,225,152493,126962,126643,25531,16.74,0.25,0.397,PASSED
